<?xml version="1.0" ?>
  <dpinst>

<!-- The following search and subDirectory elements direct
     DPInst to search all subdirectories (in the root
     directory that contains DPInst.exe) to locate driver
     packages. -->
    <search>
      <subDirectory>Driver</subDirectory>
    </search>

<!-- The following language element localizes its child elements
     for the English (Standard) language. The child elements
     customize the text that appears on the DPInst wizard pages. -->
    <language code="0x0409">
      <dpinstTitle>LAN9500 Device Installer</dpinstTitle>
      <welcomeTitle>Welcome to the LAN9500 Device Installer!</welcomeTitle>
      <welcomeIntro>This wizard will walk you through installing or updating the driver for your LAN9500 device.</welcomeIntro>
      <eulaHeaderTitle>End User License Agreement</eulaHeaderTitle>
      <eulaYesButton>I &amp;accept this EULA</eulaYesButton>
      <eulaNoButton>I do n&amp;ot accept this EULA</eulaNoButton>
      <installHeaderTitle>Installing the software for your LAN9500 device...</installHeaderTitle>
      <finishTitle>Congratulations! You have finished installing your LAN9500 device.</finishTitle>
      <finishText>Enjoy using your LAN9500 device.</finishText>
      <eula type="txt" path="AppData\Eula409.txt"/>
    </language>

<!-- The following elements set the configuration flags for DPInst. -->
	<enableNotListedLanguages/>
	<legacyMode/>
	<promptIfDriverNotBetter/>
	<suppressAddRemovePrograms/>

<!-- The following three elements customize, but do not localize,
     the icon and bitmaps that appear on the DPInst wizard pages. -->
    <headerPath>AppData\logo.bmp</headerPath>
    <watermarkPath>AppData\watermark.bmp</watermarkPath>

  </dpinst>


